{"cameraMode":{"drawMode":0,"name":"Shaded","section":"Shading Mode"},"sceneLighting":true,"audioPlay":false,"sceneViewState":{"m_AlwaysRefresh":false,"showFog":true,"showSkybox":true,"showFlares":true,"showImageEffects":true,"showParticleSystems":true,"showVisualEffectGraphs":true,"m_FxEnabled":true},"in2DMode":false,"pivot":{"x":19.09261131286621,"y":-187.31546020507813,"z":150.71536254882813},"rotation":{"x":0.6909815073013306,"y":-0.007589651737362146,"z":0.007255573756992817,"w":0.7227970957756043},"size":522.0624389648438,"orthographic":true}