{"cameraMode":{"drawMode":0,"name":"Shaded","section":"Shading Mode"},"sceneLighting":true,"audioPlay":false,"sceneViewState":{"m_AlwaysRefresh":false,"showFog":true,"showSkybox":true,"showFlares":true,"showImageEffects":true,"showParticleSystems":true,"showVisualEffectGraphs":true,"m_FxEnabled":true},"in2DMode":false,"pivot":{"x":993.302001953125,"y":588.6204833984375,"z":-404.17010498046877},"rotation":{"x":-0.06382777541875839,"y":-0.02902800403535366,"z":0.0018577995942905546,"w":-0.9975422620773315},"size":387.4527893066406,"orthographic":false}